,PM2.5,PM10,NO,NO2,NOx,NH3,CO,SO2,O3,Benzene,Toluene
PM2.5,1.0,0.87,0.71,0.71,0.57,0.63,0.51,0.5,0.19,0.73,0.19
PM10,0.87,1.0,0.74,0.74,0.54,0.55,0.42,0.56,0.27,0.65,0.2
NO,0.71,0.74,1.0,0.77,0.62,0.49,0.36,0.56,0.11,0.62,0.3
NO2,0.71,0.74,0.77,1.0,0.66,0.55,0.36,0.66,0.37,0.59,0.17
NOx,0.57,0.54,0.62,0.66,1.0,0.38,0.59,0.31,0.42,0.64,0.21
NH3,0.63,0.55,0.49,0.55,0.38,1.0,0.36,0.21,0.08,0.42,0.05
CO,0.51,0.42,0.36,0.36,0.59,0.36,1.0,0.03,0.26,0.58,0.2
SO2,0.5,0.56,0.56,0.66,0.31,0.21,0.03,1.0,0.34,0.42,0.16
O3,0.19,0.27,0.11,0.37,0.42,0.08,0.26,0.34,1.0,0.16,-0.19
Benzene,0.73,0.65,0.62,0.59,0.64,0.42,0.58,0.42,0.16,1.0,0.55
Toluene,0.19,0.2,0.3,0.17,0.21,0.05,0.2,0.16,-0.19,0.55,1.0
