feature_set,feature,importance,std
A: all co-pollutants (incl. PM10),PM10,0.7072,0.0306
A: all co-pollutants (incl. PM10),NO,-0.0007,0.0005
A: all co-pollutants (incl. PM10),NO2,0.0049,0.0007
A: all co-pollutants (incl. PM10),NH3,0.0092,0.0008
A: all co-pollutants (incl. PM10),CO,0.0072,0.0006
A: all co-pollutants (incl. PM10),SO2,-0.0,0.0002
A: all co-pollutants (incl. PM10),O3,-0.0003,0.0015
A: all co-pollutants (incl. PM10),Benzene,0.0481,0.0042
A: all co-pollutants (incl. PM10),Toluene,0.001,0.0007
A: all co-pollutants (incl. PM10),doy_sin,0.0236,0.004
A: all co-pollutants (incl. PM10),doy_cos,0.2537,0.0153
B: gaseous pollutants only,NO,0.0285,0.0027
B: gaseous pollutants only,NO2,0.0134,0.0024
B: gaseous pollutants only,NH3,0.0315,0.0026
B: gaseous pollutants only,CO,0.0112,0.0011
B: gaseous pollutants only,SO2,-0.0005,0.0008
B: gaseous pollutants only,O3,0.0131,0.0054
B: gaseous pollutants only,Benzene,0.247,0.0161
B: gaseous pollutants only,Toluene,0.0039,0.0011
B: gaseous pollutants only,doy_sin,0.1163,0.0211
B: gaseous pollutants only,doy_cos,0.4536,0.0378
